﻿<?xml version="1.0" encoding="utf-8"?>
<dict>
	<key>Library</key><string>http://trial.3dissue.com/v6/20131022104101521_21450/issue1/files/data/library.xml</string>
	<key>Publication</key><string>issue1</string>
	<key>Issue</key><string>issue1</string>
</dict>
<!--************************************************************************************************************************************************************************************************************************************************************************************************************************************************************************************************************************************************************************************************************************************************************************************************************************************************************************************************************************************************************************************************************************************************************************************************************************************************************************************************************************************************************************************************************************************************************************************************************************************************************************************************************************************************************************************************************************************************************************************************************************************************************************************************************************************************************************************************************************************************************************************************************************************************************************************************************************************************************************************************************************************************************************************************************************************************************************************************************************************************************************************************************************************************************************************************************************************************************************************************************************************************************************************************************************************************************************************************************************************************************************************************************************************************************************************************************-->